Chelsea,Mitchell,F,US
Brandon,Sylvester,M,US
Chris,Toussaint,M,US
Willie,Gotti,M,US
Cristobal,Corona,M,US
Wilmer,Diaz,M,US
Angela,Renee,F,US
Duke,Duke,M,US
Gonzales,Gricelda,F,US
Jaren,Celestine,M,US
Nathaniel,Smith,M,US
Farron,Tackno,M,US
Kurt,Lopez,M,US
Marlen,Ortega,F,US
Tyler,Roninson,M,US
Sullivan,Eudy,M,US
Kim,Brown,F,US
Clyde,Davis,M,US
Mickey,Slaughter,M,US
Keiwan,Knox,,US
Gerson Misael,Maquin,M,US
Aaron,Lopez,M,US
Michael,Dejean,M,US
Brittany,Thejawn,F,US
Nguyen,Huy Bing,F,US
Puja,Rai,F,US
Lamont,Taylor,M,US
Don,Bishop,M,US
Darious,Franklin,M,US
Jordyn,Glaspie,M,US
Shionta,Carter,F,US
Keke,Jones,F,US
Byron,Jones,M,US
Caden,Stiles,M,US
Travis,Chelette,M,US
Ladybug,Ann,F,US
Coral,Comstock,F,US
Ø´ÙŠÙ…Ø§Ø¡,Ø§Ù„ØºØ²Ø§Ù„ÙŠ,F,US
Haidar,Haidar,M,US
Triston,Thompson,M,US
Ø±Ø¬Ù„,Ù„Ø§ÙŠØ¹Ø±Ù Ø§Ù„Ù…Ø³ØªØ­ÙŠÙ„,M,US
Ø¹Ø¨Ø¯Ùˆ,Ø®Ø§Ù„Ø¯,M,US
Mary,Riddle,M,US
Helo,,M,US
Krista,Brady,F,US
Traylin,Whiten,M,US
Pop,,F,US
Vickie,Mickie,F,US
Ø§Ù…ÙŠØ±Ù‡,Ø§Ù„Ø®Ø§Ù„Ø¯ÙŠ,F,US
Dameion,Paul,M,US
Pujalame,Jainsa,F,US
Roz,Roz,F,US
Sneha,Pbt,M,US
Jessica,Williams,F,US
Ø±ÙˆØ§Ù†,Ø¹Ù„ÙŠ,F,US
Bijili,Bijili,M,US
Bhala,Ok,M,US
Julie Martin,Boykin,F,US
Ø²Ø¹ÙŠÙ…,Ù‚Ø§Ù…Ø´Ù„Ùˆ,M,US
Jana,Freeh,F,US
Shillong Teer,King,M,US
Raju,Kumar,M,US
ï»—ïºŽï»«ïº® ïºï»Ÿï»¨ïº´ïºŽØ¡,ï»—ïºŽï»«ïº® ïºï»Ÿï»¨ïº´ïºŽØ¡,M,US
Debra,Krause,F,US
Ø§Ø¨Ùˆ,Ø¹Ù„ÙŠ Ø§Ù„Ø¹Ø¯ÙˆØ§Ù†ÙŠ,M,US
Kartik,Sharma,M,US
Hosman,Modonmai,F,US
Prashant K,Prs,M,US
Ø­Ù„Ø¨ÙŠ,Ø§Ø²Ø¹Ø±,M,US
Deep,Das,M,US
Rockey,Bawa,M,US
Mari,Thomas,F,US
Roy,,M,US
Alexandra,Cruz,F,US
Shay,Gibson,F,US
Laci,Aliyah,F,US
Evelyn,Larsen,F,US
Ratu,Salifa,F,US
John,Johnson,M,US
KrÃ¯ÃŸpy,Ã‡hÃ®pÃŸ,M,US
Maria,Snpm,F,US
Takirah,Carter,F,US
Codyy,London,F,US
Ezzat,Amin,M,US
Geraldine,Gloria,F,US
Ashley,Parker,F,US
Kim,Lee,F,US
Thaw,Unsafe,M,US
Ø¹Ù„Ø§Ø¡ Ø¹Ù„Ø§Ø¡,Ø§Ø¨Ùˆ,M,US
Ø£Ø­Ù…Ø¯,Ø§Ù„Ù…ØµØ·ÙÙ‰,M,US
Ø±Ø§Ù…Ø§,Ø§Ù„Ø´Ø§Ù…ÙŠÙ‡,F,US
Refif,Salem,F,US
ÚªÛÙ°Ù•Ù—ï¹»Û›ï¹·Ù°ï®©Ù…Ø¹ÛÙ°Ù•Ù—ï¯ Ú¸,ï¹¾Ù­ï¹¾,M,US
Ø¹Ù…Ø±,ÙƒØ¯Ø±Ùˆ,M,US
Aman,Kkc,M,US
Selina Adalyn,Sheila,F,US
Jokra,Ok,F,US
Ryan,Aliya,F,US
Rebecca,Cruz,F,US
Reda,El,M,US
Yadira,Bautista Alonso,F,US
Becca,Smith,F,US
Christine,Kortig,F,US
Gopal,Biswas,M,US
Chumi,Chata,M,US
Duera,Julone,F,US
Karina,Hernadez,F,US
Last,,M,US
Muneeb,Malik,M,US
Mohamad,Alhasn,M,US
Fred,Gomez,M,US
Ø­Ø³Ù†,Ù†ÙˆØ±,M,US
Jalijah,Gray,F,US
Trudy,Martina,F,US
Nathii,ContrerÃ¤s,F,US
Kennedy,Smith,M,US
Nani,,F,US
Aman,Ali,M,US
Michael,Colemen,M,US
Ø§Ø¨Ùˆ Ø§Ù†Ø³,Ø§Ù†Ø³,M,US
Klaudia,Koch,F,US
Dham,Sa,F,US
Ø¹Ø¨Ø¯Ùˆ,Ø¹Ø¨Ø¯Ø§Ù„Ù„Ù‡,M,US
Sumit,Singh,M,US
Eva,Leanna,F,US
Tarek,Bekich,M,US
Jessica,Jenkins,F,US
Luis,Catillo,M,US
Chardi,Williams,F,US
Md,Rakib,M,US
Ù…Ø±ÙˆÙ‡,Ø¹Ù„ÙŠ,M,US
Ø£Ù…ÙŠØ±,Ø§Ù„Ø¹Ø´Ø§Ù‚,M,US
Hulat,Halat,M,US
Tamia,Johnson,F,US
Sanajy,Sahu,M,US
Markel,Moore,M,US
Tia,Mudhaz,F,US
Arjun,Holo,M,US
Marius,Gustav,M,US
Ø­Ø¨Ù„,Ø§Ù„ÙƒØ°Ø¨ Ù‚ØµÙŠØ±,M,US
Katrain,Katrain,F,US
Artemisia,Trevisan,F,US
Courtney,Banks,F,US
Shahi,Deshmukh,M,US
Jamiie,Lewis,M,US
Abril,Valenzuela,F,US
é™ä½³,é•·è°·å·,F,US
Garage,Garage,M,US
Justice,Young,M,US
Ø£Ø­Ù…Ø¯,Ø­Ø³Ù†,M,US
Ø§Ù†Ø§Ù‚Ø© Ø±Ø¬Ù„ Ø´Ø±Ù‚ÙŠ,Ø´Ø±Ù‚ÙŠ,M,US
Traficant,Doamor,M,US
Noyon,Moni,M,US
ÙƒØ±ÙŠØ³ØªÙŠÙ†,ÙŠÙ„Ø§,F,US
Anita,Geraldine,F,US
Sudha,Sudha,M,US
Nate,Tron,M,US
Ishana,Thompson,F,US
Gappu,Kumar,M,US
Ponam,,F,US
Omar,Smart,,US
Sangeeta,Jain,F,US
Hannah,Mills,F,US
Koko,Jeni,M,US
Sara,Weatherspoon,F,US
Amarita,Hatuni,F,US
Gia,Hasan,F,US
Patrice,Harding,F,US
Hero,,M,US
Yasmile,Villor,F,US
Ahmad,Ahmad,M,US
Cirilla,Russo,F,US
Sakil,Charter,M,US
,à¦•à¦¾à¦¨à¦¾à¦®à¦¾à¦›à¦¿ à¦®à¦¿à¦¥à§à¦¯à¦¾,M,US
Udvash,Unmesh,M,US
Aml S,As,F,US
Trey,Condon,M,US
Jihad,Shammari,M,US
Muhammad,Ayub,M,US
Nicki,Sanders,F,US
Millie,Hale,F,US
Michelle,Thibault,F,US
Ù…Ø­Ù…Ø¯,Ø§Ø­Ù…Ø¯,M,US
Myria,Williams,F,US
Gabriele,Osterhagen,F,US
Ù…Ù„Ø§Ùƒ,Ø²Ø§Ø¯ÙŠ,F,US
Ù…Ø±ÙŠÙ…,Ø®Ø§Ù„Ø¯,F,US
Ø§Ø­Ù…Ø¯,Ù…Ø­Ù…Ø¯,M,US
Joseph,Gesus,M,US
Ø¹Ù„ÙŠ,Ø¹Ù„ÙŠ,M,US
Nik,Pik,M,US
ÙˆØ§Ø­Ø´Ù†ÙŠ,Ø²Ù…Ø§Ù†ÙŠ,M,US
Golu,Golu,M,US
Ø¢ÙŠÛÙ‡ÛÙ…,Ø¢Ù„Ø¹ÛÙŠÛØ³ÛØ¦,M,US
Barbara,Souza,F,US
Geetu,Pol,F,US
Ø£Ù„Ø§Ø¡,Ø¹Ù„ÙŠ,F,US
Cory,Steps,M,US
Wayne,Tanner,M,US
ÙˆÙ„ÙŠØ¯,Ø£Ø­Ù…Ø¯,M,US
Priya,Rani,F,US
Hussy,Khan,M,US
Martine,Vail,F,US
Courtney,Robinson,M,US
Johnathon,Vallery,M,US
Brigitte Claudia,Roux,F,US
Brenda,Jones,F,US
Julica,Royz,F,US
Kala,,F,US
Jalil,Franklin,M,US
Rony,Cambrian,F,US
Judy,Mills,F,US
Yanna,Blango,F,US
Yunita,Sari,F,US
Seth,Hardgrave,M,US
Gskabsu,Gdkabzia,F,US
Suman,Roshan,M,US
Pulkit,Ob,M,US
Ye Htut,Win,M,US
Dray,Holden,M,US
Devonte,Allen,F,US
Ø¨Ø³Ù…Ø©,Ø§Ù„Ø´Ø§Ù…,M,US
Gulab,Gyan,M,US
Locyana,Prame,M,US
Amirt,Jamal,F,US
Zahid,Amin,M,US
Courtney,Carter,F,US
Deepak,Chauhan,M,US
Francis,Ferrer,F,US
Hussein,Mohamed,M,US
Bilonia,Himanshu,M,US
Minnie,Andrew,F,US
Monika,Egger,F,US
Ajay,Kumar,M,US
Fernanda,Medina Bermudez,F,US
Bijay,Lal,M,US
Fiya,Bone,F,US
Scott,Mcgovern,M,US
William,Ozuna,M,US
Van,George,M,US
Russell,Johnsob,M,US
Kathy,Cazares,F,US
Jennifer,Lett,F,US
Donalacia,Marks,F,US
Connor,Green,M,US
Wendell,Octave,M,US
Maria,Hernandez,F,US
Greatness,Conquer,M,US
Charles Da,Barbaby,M,US
Helen,Banks,F,US
Melissa,Eikey,F,US
Jaleshia,Wiggins,F,US
Crystal,Ward,F,US
Corinne,Laprairie,F,US
Brandon,Robertson,M,US
Madeline,Parker,F,US
Cedrick,Bryant,M,US
Dakota,Espinosa,,US
Donna,Havard,F,US
Ashley,Shantell,,US
Kay,Ash,F,US
Christy,Nguyen,F,US
Karver,Hankins,M,US
Jon,Paris,M,US
ShereÃ¨,Trussell,F,US
Abbie,Petit,F,US
Carla,Manley,F,US
Tedra,Covington,M,US
Makenzie,Sagely,F,US
Raskondra,Anthony,F,US
Ashley,Nelson,F,US
Adam,Taylor,M,US
Brian,Clarke,M,US
Autra W,Brock,M,US
Tyquincia,Lockett,F,US
Weston,Watts,M,US
Brandi,Gunter,F,US
Tasha,Jenkins,F,US
John,Gunter,M,US
Terrence,Joseph,M,US
Prestige Paints,Paints,M,US
Biktad,Wmdwbk,F,US
Sheila,Wfirmin,F,US
Dodie,Cusimano,F,US
Darral,Love,M,US
Lester,Gourgues,M,US
Shay,Onlygodcanjugeme,F,US
Montrel,Bowman,M,US
Jenna,Dshay,F,US
Shyrn,Troxell,F,US
Erica,Alexander,F,US
Keioshia,Alexander,F,US
Stephanie,Noble,F,US
Dtorian,Roach,M,US
Vanna,Alexander,,US
Anthony,Kahn,M,US
Austin,Nevels,M,US
Erica,Mcmanus,F,US
Tyran,Jackson,M,US
Trinity,Sullivan,M,US
John,Quattlebaum,M,US
Bambi,Guilbeau,F,US
Leshay,Varice,F,US
Kiki,Kiki,F,US
Adrian,Jackson,M,US
Kim,Main,F,US
Richo,Robinson,M,US
Joe,Kelley,M,US
Dillion,Caine,M,US
Ceara,Fields,F,US
Maurice,Espinosa,M,US
Jeremy,Miller,M,US
Rylie,Hebert,F,US
Rosalind,Williams,F,US
Chris,Weber,M,US
Eric,Militello,M,US
Brian,Mock,M,US
Devlin,Dukes,F,US
Filimon,Gutierrez,M,US
Joshua,Guilbeau,M,US
Allen,Capell,M,US
Grant,Wilging,M,US
Yella,Maghee,F,US
Payton,Gill,F,US
Sonja,Mcmorris,F,US
Justine,Knox,F,US
Dewyane,Myles,M,US
Brandon,Tullier,M,US
Joyce,Wheelock,,US
Matt,Earle,M,US
David Mandi Lynn,Manuel,F,US
Adam,Gathercole,M,US
Jessica,Williams,F,US
Cooper,Tholborn,M,US
Trevon,Matthews,M,US
Rob,Montgomery,M,US
Cordell,,M,US
Willard,Williams,M,US
Amberle,Richmond,,US
Emily,Carnes Chapman,F,US
Robert,Mc Kinnie,M,US
Jessica,Green Pugh,F,US
Roxie,King,F,US
Sherrin,Carter,F,US
Jamie,Fauche,M,US
Chelsea,Barnard,F,US
Jill,Crane,F,US
Johnathan,Evans,M,US
Alexandra,Horton,F,US
Kblack,Mazone,M,US
Angela,Lathers,F,US
Paulette,Preston,F,US
Tess N James,Addison,F,US
Vanessa,Gaco,F,US
Cassandra,Edmond,F,US
Brice,Cantrell,M,US
Cory,Richard,M,US
Sharae,Hand,F,US
Haiti,Mcgee,F,US
Hobbit,Ac,,US
Alexandra,Turner,F,US
Nikkie,Plaid,F,US
Brent,Johnson,M,US
Toups,Daphne,F,US
Horace,Royal,M,US
Terry,Jones,M,US
Nettie,Brown,F,US
Rose,Sipp,F,US
Dez,Hilliard,M,US
Charles,Smith,M,US
Courtney,Schupp,F,US
Krystle,Starr,,US
Rawan,Karadsheh,,US
Adam,Stanga,M,US
Faraj,Laban,M,US
Emily,Cox,F,US
Melinda,Racca,F,US
Robert,Pierson,M,US
Lee,Allsman,M,US
Andy,Andras,M,US
Kiley,Mearidy,F,US
Raysirfer,Blacklabel Reloaded,M,US
Janice,Melancon,F,US
Michelle,Robison,,US
Stacie,Sue,F,US
Lisa,Navarre,F,US
Sylvia,Dickens,F,US
April,Daigle,,US
Darryl,Dedeaux,M,US
Reynard,Dumas,M,US
Will,Gray Jr,M,US
Daniela Ruiz,Castro,F,US
Dakota,Frazier,M,US
Mcdonead,Williams,M,US
Rosemary,Castellanos,F,US
Nicosha,K Queen,F,US
Matt,Kelly,M,US
Greg,Alford,M,US
Melissa,Whitesell,F,US
Jeremy,Banks,M,US
Carol,Grance,F,US
Eric,Lolis,M,US
Mike,Ligon,M,US
Eric,Lanclos,,US
Mike,Elliot,M,US
Poopha,James,M,US
Georgianna,Lowery,F,US
Ollie,Taplin,F,US
Jeremy,Nolley,M,US
Lawrence,Robertson,M,US
Brittany,Cage,F,US
Ernest,Hayes,M,US
Jerry,Mckey,M,US
Jeffery,Robertson,M,US
Roderick,Forkner,M,US
Mary,Bagwell,F,US
Randell,Lebeau,M,US
Grupo De Danza,Hijas Del Rey De Gloria,F,US
Brianna,Hines,F,US
Terrion,Williams,,US
Derrick,Guillory,M,US
Reese,Puffs,F,US
Mark,Rudisonvalerierudison,M,US
Princess,Booboobear,F,US
Mary,Barnes,F,US
Joshua,Holmes,M,US
Dominique,Harden,M,US
Romessia,Lewis,F,US
Bubba,Pope,M,US
Montrell,Jackson,F,US
Allen,Kays,M,US
Claudia,Brown Smith,F,US
Jasmine,Camper,F,US
Ashley,Arnold,F,US
Lillie,Batiste,F,US
Susan,Elliott,F,US
Hiram,Davis,M,US
Jenny,Neko,F,US
Chris,Albers,M,US
Brie,Mccann,F,US
Adam,Parish,M,US
Keigen,Bosarge,M,US
Inkon,Inkon,M,US
Michael,Robertson,M,US
Brian,Laurence,M,US
Lionel,Mulkey,M,US
Ivyn,Smith,M,US
Tommy,Brown,M,US
Tracy,Lehmann,F,US
Mitch,Millions,M,US
Eric,Gatlin,M,US
Kevin,Johnson,M,US
Kelsie,Caldwell,F,US
Kailey,Carlock,F,US
Jenn,Dub,F,US
Cheri,Omalley,F,US
Deeva,Dardar,F,US
Lacey,Marie,F,US
Octavious,Williams,M,US
Romeca,Allen,F,US
Madison,Willman,F,US
Hannah,Spra,F,US
Logan,Severio,M,US
Ellen,Stewart,F,US
Flint,Millikin,M,US
Kyle,Travis,M,US
Patrick,Olivier,M,US
Kevin,Bradley,M,US
Hector,Velasquez,M,US
Jala,Coleman,F,US
Paul,Hurdle,F,US
Harold,Hull,M,US
Steven,Singleton,,US
Chiantia,Sago,F,US
Carl,Phillips,M,US
Colton,Kinchen,M,US
Lawanda,Jones,F,US
Zack,Merphie,M,US
Breuna,Dozier,F,US
Jessica,Miller,F,US
Lloyd,Allen,M,US
Jacob,Norris,M,US
Trey,Williams,M,US
Jon,Spera,M,US
Kenya,Jones,F,US
Waltez,Holmes,M,US
Myz,Tan,F,US
Sor,Ortrios,F,US
Gwen,Rowley,F,US
Chad,Williams,F,US
Onis,,M,US
Rose,Thomas,F,US
Tyrin,Stewart,M,US
Trent,Allen,M,US
Cristy,Mcmurray,F,US
Geon,Kaufman,M,US
Paul,Norred,M,US
Tyrone,Gray,M,US
Roland,Edmond,M,US
Barbara,Dogan,F,US
Natalie,Carroll,F,US
Jeremy,Allen,M,US
Brittany,Antie,F,US
Erin,Ragsdale,F,US
Keyronic,Stewart,M,US
Patty,Adair,F,US
Hunnybee,Travels,F,US
Tristen,Mitchell,M,US
Dontoochie,Cartel,M,US
Jared,Gautreau,M,US
Joshau,Johnson,M,US
Azia,Lovely,F,US
Christopher,Wilkinson,M,US
Zachary,Andrew,M,US
Megan,Saxton,F,US
CabaÃ±as,Acosta,M,US
Uleashia,Dumaine,F,US
Emily,Denicola,F,US
Jarellbenfrankk,Mukk,M,US
Jonathan,Williams,M,US
Jordan,Marshall,M,US
Dejon,Harrison,F,US
Jason,Loupe,M,US
Raye,Stevens,M,US
Kevin,Espinoza,M,US
Landrick,Ruffin,M,US
Darren,Selden,M,US
Jane,Doee,M,US
Brittanie,St. Pierre,F,US
Cassandra,Whitfield,F,US
Zo,Yen,F,US
Leigh,Brashier,F,US
Letre,Pierite,M,US
Nancy,Scott,F,US
Erin,Ragsdale,F,US
Tommy,Ohaver,M,US
Taquetta,Rivers,F,US
Hallie,Caldwell,F,US
Joe,Danyil,M,US
Mason,Marbury,M,US
Kayla,Robinson,F,US
Andrea,Mitchell,F,US
Rebecca,Turner,F,US
Scottie,Tillman,M,US
Chastity,Oconner,F,US
Emily,Gabrielle,F,US
Brandon,Goss,M,US
Carlos,Guillen,M,US
Becki,Hayman,F,US
James,Domino,,US
Ivan,Mcclain,M,US
Bessie,Carter,F,US
Oiashe,Carter,F,US
Dremico,Childress,M,US
Luis Alberto,Olvera Reyes,M,US
Curshaunda,Davis,F,US
Jorge,Ramos,M,US
Ashton,Arrington,M,US
Dick,Jones,M,US
Taylor,Delaune,F,US
Maira,Pineda,M,US
Shamekia,Carr,F,US
Levi,Hayman,M,US
Charisma,Keaira,F,US
Wormo,Durr,M,US
Dustin,Wonnacott,M,US
George,Whitmore,M,US
Wanda,Lee,F,US
Louise,Skk,F,US
Corey,Satterley,M,US
Dontae,Dunn,M,US
Holly,Hand,F,US
Brenton,Ellis,F,US
Dge,Blu,M,US
Jasmine,Turnet,F,US
Rhonda,Foster,M,US
Johnny,Ukin,M,US
Jeffrey,Stewart,M,US
Kiara,Johnson,F,US
Alonna,Gibson,F,US
Janet,Gawoski,F,US
Quincy,Jones,M,US
Marjorie,Cobbthomas,F,US
Jaybrielle,Howard,F,US
Kenya,Nelson,F,US
Josh,Wax,M,US
Kelly,Moore,F,US
Salvador,Diasdias,M,US
Kevin,Johnson,M,US
Sonya,Adams,F,US
Cory,Caton,M,US
Jalyn,Davis,F,US
Shawny,Shawn,F,US
John,Sexton,M,US
Jessie,Allen,M,US
Al,Hart,M,US
Tracy,Philips,F,US
Christopher,Horton,M,US
Tamarius,Smith,M,US
Shontay,Allen,F,US
Damian,Veals,M,US
Alexia,Bell,F,US
Paris,Hollins,F,US
Michael,Evans,M,US
Jenny,Goynes,F,US
Carolyn,Jarreau,F,US
Juanita,Vosburg,,US
Matt,Parker,M,US
James,Townsend,M,US
Regina,Dutsch,F,US
Keshawn,Wicks,M,US
Dezirae,Stewart,F,US
Shelton,Ferguson,M,US
Dany,Ley,M,US
Brooke,Dickerson,F,US
Joseph,Guidroz,M,US
Melvin,Spriggs,M,US
Ebr,Magnet Programs,F,US
Jan,Mclin,F,US
Jermaine,Bennett,M,US
Shannon,Tanner-Blanchard,F,US
Rodney,Jupiter,M,US
Rodney,Lawson,M,US
Toddrick,Hammond,M,US
Kelvin,Wright,M,US
Hardlife,Wright,M,US
Todd,Ballard,M,US
David,Ferguson,M,US
Buck,Brooks,M,US
Bessie,Foster,F,US
Gregory,Harrison,M,US
Pete,Arbour,M,US
Susan,Huber,F,US
Julia,Wolf,F,US
Caleb,Brouillette,M,US
Adrian,Ortiz,M,US
Joshua,Hills,M,US
Trinidad,Mosqueda,M,US
Jocelyn,Ellis,F,US
Lemoine,Warner,M,US
Philip,Hamilton,M,US
Kane,Cassels,M,US
Delane,Jones,F,US
Donnishia,Williams,F,US
Dwayne,Farris,M,US
Evolve,Davis,F,US
Lashay,Ledet,F,US
Daniel,Bouchoux,M,US
Olivia,Cook,F,US
Ashley,Carlin,F,US
Belinda,Trevino,F,US
Jennifer,Gray,F,US
Haydn,Sarver,M,US
Torya,Jacque-Merrells,F,US
Deante,Thomas,M,US
Doris,Scivic,F,US
Daniel,Mcgehee,M,US
Casey,Williams,M,US
Ann,Simoneaux,F,US
Zachary,Doty,M,US
Mario L Collchado,Collchado,M,US
Chris,James,M,US
Brady,Zawodnik,M,US
Ronnie,Mitchell,M,US
Kingbeezy,Dakok,M,US
Mikey,Nelms,M,US
Toriyana,Smith,F,US
Sharon,Gamble,F,US
Raylan,Earp,M,US
Savannah,Mcquiston,M,US
Mike,Schenk,,US
Christine,Hodges,F,US
Frederick,Eaddy,M,US
Bree,Nolen,F,US
Capri,Christmas James,F,US
Jason,Bourgeois,M,US
Deonta,Gibson,M,US
Deshae,Wyatt,,US
Vita,Hawthorne Banks,F,US
Jiseok,Kang,M,US
Brian,Alexcee,M,US
Austin,Brunner,M,US
Johnboy,Britton,,US
Sharla,Taplin,F,US
Deona,Smith,F,US
Zion,Jones,M,US
Yungkyng,Dexstar,M,US
Mike,Green,M,US
Jessie,Watup,M,US
Kaitlyn,Parker,,US
Donavon,Cashio,M,US
Darnell,Scott,M,US
Jessica,Fried,F,US
Db,Duffy,F,US
Brad,David,M,US
Patrick,Marshall,M,US
Carol,Trautman-Evangelista,F,US
Junior,Lewis,M,US
Charles,Gant,M,US
Andy,Ray,M,US
Svetlana,Jackson,F,US
James,Cobb,M,US
Lexee,Salsman,F,US
Timothy,Giddens,M,US
Sandra,Perrodin,F,US
Cherry,Jones,F,US
Alicia E,Keys,F,US
Brittany,Foreman,F,US
Ryen,Williams,M,US
Nba,Gm,M,US
Jeff,Mcdonald,M,US
Brennan,Bennett,M,US
Mikey,Landry,M,US
David,Latimer,M,US
Zayien,Bouvay,M,US
Hunt Home,Renovations,M,US
Renior,Young,M,US
Donkeon,Marks,M,US
Johntay,Evans,M,US
Chiquilla,Miggins,F,US
Samuel,Williams,M,US
Patricia,Wilmot,F,US
Brionna,Martin,F,US
Alfred,Harris,M,US
Arlene,Barber,F,US
Dloa,Lkg,M,US
Donny,Boully,M,US
Mark,Lay,M,US
Mandey,Clark,F,US
Charlotte,Green,,US
Jonah,Wood,M,US
Meagan,Banai,F,US
,Mitchell,M,US
Ralph,Mcdermott,M,US
Axely,Nirvana,F,US
Elijah,Tolliver,M,US
Keith,Smith,M,US
Keenan,Harris,M,US
Kennesha,Sheron,F,US
Natasha,Bolden,F,US
Forrest,Brown,M,US
Johnny,King,M,US
Ava,Miller,F,US
June,Ott,F,US
Edward,Becker,M,US
Dee,Harris,M,US
Ricky,Finch,M,US
ZÃ¸w,ZÃ¸w,F,US
Chrisdy,Rodgers,F,US
Quinton,Paul,M,US
Mahanna,Saad,M,US
Cade,Bourgeois,M,US
Cecil,Mullins,M,US
Colton,Schapatone,M,US
Ovidio,Bonilla,M,US
Carol,Everett,F,US
Huntley,Lewis,M,US
Cece,Street,M,US
Eduardo,Garsia,M,US
Ken,Rhea,M,US
Hdjck,Njdjcn,M,US
Darius,Brumfield,M,US
Sandra,Messenger,F,US
Addie,Bourgoyne,F,US
Alli,Mcfarland,F,US
Terry,Richard,M,US
Brooke,Carter,F,US
Vessie,Pierce,F,US
Kiyana,Patton,F,US
Chris,Landrum,M,US
Anthony,Harvey,M,US
Peggy,Christiansen,F,US
Jose Luis,Iglesias Bello,M,US
Jose,Nieto,M,US
Genesis,Allen,F,US
Jason,Mcfarland,M,US
Jessica,Parker,F,US
Katie,Russell,F,US
Justin,Deshotels,M,US
Jeanie,Nieto,F,US
Jose,Lopez,M,US
Robert,Payton,M,US
Spotted,Louisiana,F,US
Ryan,Wade,M,US
Michael,Williams,M,US
Shey,Salameh,,US
Kathy,Constantine,F,US
Grace,Knight,,US
Jabari,Matthews,M,US
David,Mcfarland,M,US
Kayyi,Drayton,F,US
Mike,Hines,M,US
David,Lee,M,US
Jeffrey,Hollins,M,US
Christi,Gaubert,F,US
Erick,Canales,M,US
Winston,Harrison,M,US
Lijana,Johnson,F,US
Katlyn,Faith,F,US
Munna,Escobar,M,US
Lynette,Nichols,F,US
Gsg,Gdu,M,US
Remona,Leggett,F,US
Patricia,Dupont,F,US
Jason,Thomas,M,US
Brenda,Rogers,F,US
Linda,Brown,F,US
Linda,Williams,F,US
Manie,Zghhy,M,US
Jordan,Tate,M,US
Francesca,Harris,F,US
Jessica,Anderson,F,US
Sarah,Donald,F,US
Tip,Sirloin,M,US
Tammy,Blanchard,F,US
Patrick,Pezant,M,US
Antonio,Saldivar,M,US
Sarah,Coco,F,US
Jalicia,Arbuthnot,F,US
Bryan,Wardell,M,US
Johnnie,Casanova,M,US
Jarvius,Rosaya,M,US
Cody,Norris,M,US
Verna,Dial,F,US
Jay,Daigle,M,US
Gregory,Jackson,M,US
Margurite,Mulkey,F,US
Carolyn,Mahoney,F,US
Ronald,Mccarroll,M,US
Jeffery,Whitfield,M,US
Terrill,Clayton,M,US
Lacretia,Williams,F,US
Beth,Scott,F,US
Tenia,Williams,F,US
Keith,Rivers,M,US
Cheyenne,Wallace,F,US
Erica,Jackson,F,US
Ahriel,Jones,F,US
Richard,Fiser,M,US
Vega,De QuirÃ³s,F,US
Linda,Wilson,F,US
Miranda,Powell,F,US
Goof,Troop,F,US
Jordynne,Duncan,F,US
Alex,Barnett,M,US
John,Simon,M,US
Scott,Hall,M,US
Brady,Phillips,M,US
Gabe,Williams,M,US
Meshalia,Tolbert,F,US
Mel,Didier,M,US
Landon,Hubbard,M,US
Alysia,Brison,F,US
Haylee,Bell,M,US
Chris,Morgan,M,US
Percy,Fontenette,M,US
Kelci,Wagner,F,US
Hugo,Carrera,M,US
Rachel,Rodgers,F,US
Eemanuel,Fonseca,M,US
Kiearre,Williams,F,US
Nikki,Carpenter,F,US
Martini,Bell,F,US
James,Case,M,US
Brittany,Landry,F,US
Janice,Berger,F,US
Zach,Netterville,M,US
Seless,Scott,,US
Scott,Smith,M,US
Charlotte,Mcwhorter Rosario,F,US
Haden,Willis,M,US
Marisa,Kilgore,F,US
Herbert,Tolbert,M,US
Dnesha,Brown,F,US
Liv,Howlett,F,US
Helen,Mark,F,US
Shane,Reed,M,US
Jordan,Tatum,M,US
Whitney,Warren Hunt,F,US
Melissa,Moore,F,US
Peedy,Willis,M,US
Ronald,Wallace,M,US
Yesenia,Hernandez,,US
Dee,Willis,F,US
Michael,Wittenberg,M,US
Anorreia,Willis,F,US
Ethel,Comeaux,F,US
Todd,Malmberg,M,US
Jonathan,Vallet,M,US
Bradley,Anderson,M,US
Katherine,Riggs,F,US
Brodrick,Patin,M,US
Connie,Solar,F,US
Joey,Fowler,M,US
Jessica,Albert,F,US
John,Stewart,M,US
Lacey,Font,F,US
Ø§Ø³Ù…Ø§Ø¡,Ø²Ø¨Ù†,,US
Briana,Norrias,F,US
John,Ross,M,US
Frances,Mollere,F,US
Dominique,Allen,,US
Chris,Ferguson,M,US
Will,Smith,M,US
Alexis,Anderson,F,US
Anaya,Green,F,US
Jay,Lanclos,,US
Jcarloss,Sauceda,M,US
Sophia,Mcmullen,F,US
Hannah,Roux,F,US
Jessie,Bellazin,,US
Jackson,Randall,M,US
Jasmine,Magitt,F,US
Betty,Call Away,F,US
Chris,West,M,US
Gregory,Clark,M,US
Donald,Ely,M,US
Blayze,Gomez,M,US
Garrett,Matejowsky,M,US
Vanessa,Rodriguez,F,US
Bryan,Richard,M,US
Najee,Akeym,M,US
Mikala,Johnson,F,US
Samson,Yeager,M,US
Jayy,Johnson,M,US
Kel,Rudison,M,US
Billy,Bertrand,M,US
Gwen,Scott,F,US
Daneen,Givens,F,US
XuÃ¢n Mai,LÃ½,F,US
Shaun,Melancon,M,US
Dresa,Tousant,F,US
Karrington,Matthews,M,US
Courtney,Bolton,F,US
Rylan,Hiatt,M,US
Queasha,Hardy,F,US
Valencia,Morgan,F,US
Shelley,Wilcox,F,US
Billy,Gray,M,US
Lionel,Wilkerson,M,US
Meco,Kornbacher,M,US
Gwendolyn,Earlycutt,F,US
Fay,Black,F,US
Kaleb,Melancon,M,US
Aqueelah,Jackson,F,US
Lyrik,Cole,,US
Landiz,Young,M,US
Soleiman,Muosa,M,US
Johnnie,Collins,M,US
Kristen,Okeefe,,US
Mihye,Bark,F,US
Travis,Jones,M,US
Joshua,Griffin,M,US
Terftt,Ttbo,M,US
Darryl,Allen,M,US
Scobi,Snacks,M,US
Vernon R,Todd,M,US
Susan,Hitchcock,F,US
Oscar,Duckett,M,US
Ryan,Chipman,M,US
Javier,Morales,M,US
Jovahn,Robinson,M,US
Lynn,Heard,F,US
Rosemary,Castellanos,F,US
John,Anderson,M,US
Todd,Richard,M,US
Ben,Slater,M,US
Zachary,Hill,M,US
Domonique,White,F,US
Joe,Mallet,M,US
Ronnie,Knighten,M,US
Shaun,Nicole,F,US
Rudyray,Howard,M,US
Obed,Reyes,M,US
Pinip,Robertson,M,US
Kevin,Riley,M,US
Jarek,Smith,M,US
Diana,Garland,F,US
Tina,Hebert,F,US
Kelly,Rankins,M,US
Brynne,Harrison,M,US
Josh,Silas,M,US
Gregory,Jones,M,US
Helen,Carter,F,US
Kenneth,White,M,US
Carl,Minor,F,US
Keiauna,Rodriquez,F,US
Tirii,Perez,M,US
Kenny,Barry,M,US
Hannah,Main,F,US
Samantha,Sorto,F,US
Myah,Baker,F,US
Freddy,Macias,M,US
Tess N James,Addison,F,US
Gracen,Mcdonald,F,US
Colton,Bridgewater,M,US
Bernie,Campo,M,US
Virginia,Cave Campo,F,US
Kenken,Thompson,M,US
Paul,Batiste,M,US
Jamie,Jones,F,US
